uv,dv,ubar,dbar,gl
3.086347710452919,0.4456402692033879,0.09320126210721459,-0.1579902038605318,0.4414959167288338
0.16246505300888164,-0.38521769911569304,-0.5147885902401454,-1.0680536088583603,-0.8289175029481556
4.824891441215792,5.781941420371193,10.644432689986928,-1.581818500165253,5.847230079627208
0.08536991249211663,-0.509056092724134,15.471580263675111,-2.8265390983350804,0.550139766589728
6.417847542915535,23.730285414358313,-9.58054424029321,-1.6736140487191815,1.9047640777130372
0.3080487325445348,0.22432399490977462,0.13657697374871924,-2.5885732189533512,0.223795713130181
0.0435664581697301,0.014371820996638073,0.004288782328545357,-1.3141825792005222,0.01297730741458558
