uv,dv,ubar,dbar,gl
2.039378954083647,0.2397837237149838,-3.7704643121169876e-11,-0.1579902038605318,0.22929403866883347
0.0318464759930701,-0.5195255543931937,-3.400127289177133,-1.0680536088583603,-1.0592228504615526
5.247493514618903,6.255249379853722,1.564326098407093e-05,-1.581818500165253,6.869982068404388
0.6455826187381466,1.0973284002161816,172.29542523442447,-2.8265390983350804,0.32578037846197144
5.672875815126895,26.802200528264972,-20339784.227393467,-1.6736140487191815,3.2793362661363954
0.2982810829776472,0.2096596159580299,0.2870798061291917,-2.5885732189533512,0.22661659374918772
0.04125264912946591,0.012730265995186412,0.1127552353117418,-1.3141825792005222,0.013329752294278874
