uv,dv,ubar,dbar,gl
2.348701446424401,0.2980443118866736,-3.7704643121169876e-11,-0.1579902038605318,0.28904015980825104
0.07932911500891923,-0.4738026921670027,-3.400127289177133,-1.0680536088583603,-0.9861571489574367
5.102610566339517,6.092477681765161,1.564326098407093e-05,-1.581818500165253,6.621468129560383
0.48152042164338854,0.48856934870466145,172.29542523442447,-2.8265390983350804,0.3896861864714197
5.943126732242856,25.68158092590325,-20339784.227393467,-1.6736140487191815,3.1485648864372813
0.2997351639833358,0.21484788998732904,0.2870798061291917,-2.5885732189533512,0.22509573006549846
0.04204466385764891,0.013273052219020495,0.11275523531174189,-1.3141825792005222,0.01316456660107569
