uv,dv,ubar,dbar,gl
1.8227019581151813,0.19818251097205153,-3.770465014909822e-11,-0.1579902038605318,0.18595344226170976
-0.00774469480055276,-0.5584084635734532,-3.4001273186818977,-1.0680536088583603,-1.1199937708446384
5.373218691792012,6.394406801017772,4.588663214437288e-06,-1.581818500165253,6.988950964815964
0.751299019593869,1.6775683204644092,172.29528917317512,-2.8265390983350804,0.2926541235656225
5.408947620643245,27.821391465064007,-20339784.48895283,-1.6736140487191815,3.089476838655353
0.29859126620434767,0.20503880170855648,0.2870798155779151,-2.5885732189533512,0.22837436479367795
0.04073506000939146,0.012257770902784508,0.11275523406081278,-1.3141825792005222,0.013518950349277211
