uv,dv,ubar,dbar,gl
1.738285402010298,0.1816199169021277,-3.770465014909822e-11,-0.1579902038605318,0.16862200940282368
-0.024963065470239312,-0.5758796805588934,-3.4001273186818977,-1.0680536088583603,-1.147047757675767
5.430601546163986,6.457022741747386,4.588663214437288e-06,-1.581818500165253,7.010468363113735
0.7871958644392201,1.9592304258613853,172.29528917317512,-2.8265390983350804,0.2821008282873282
5.280112456141682,28.299520188742996,-20339784.48895283,-1.6736140487191815,2.9070552627999806
0.2991377262323542,0.2029009643396203,0.2870798155779151,-2.5885732189533512,0.22928355871850917
0.04055656528569333,0.012039859604430358,0.1127552340608127,-1.3141825792005222,0.013617253374190667
