uv,dv,ubar,dbar,gl
2.551785247210397,0.3366928362316704,-3.770447674520985e-11,-0.1579902038605318,0.32819152789160544
0.10600606441084907,-0.44750041870006846,-3.400126866712159,-1.0680536088583603,-0.9426461313964553
5.020225019755617,5.999619057572828,0.0012855635973194933,-1.581818500165253,6.430927205098465
0.37258942713080917,0.16996546322824602,172.29850006129493,-2.8265390983350804,0.4378340079548903
6.084641799350746,25.07335162509196,-20339778.272473544,-1.6736140487191815,2.910502816325544
0.30147236692249946,0.2177194991737799,0.28707959147658724,-2.5885732189533512,0.22450613928862054
0.04254070212553837,0.013586112167073668,0.11275526373383266,-1.3141825792005222,0.013096774870273989
