uv,dv,ubar,dbar,gl
1.9217261062838324,0.21736420129087733,-3.7704643121169876e-11,-0.1579902038605318,0.2059606510458655
0.011121364567509414,-0.5396847462385931,-3.400127289177133,-1.0680536088583603,-1.0908921695769405
5.312342566722966,6.327375400707136,1.564326098407093e-05,-1.581818500165253,6.942717374826807
0.7048872398300523,1.3904744310813142,172.29542523442447,-2.8265390983350804,0.3067139312091776
5.5401853909157985,27.32299809636968,-20339784.227393467,-1.6736140487191815,3.2152583891447084
0.2982697745043156,0.20728642275734296,0.2870798061291917,-2.5885732189533512,0.22748959083616652
0.04096275444090147,0.012487063588530073,0.1127552353117418,-1.3141825792005222,0.013423707664330018
