uv,dv,ubar,dbar,gl
2.7953553979802006,0.384600255440328,0.07667858344102123,-0.1579902038605318,0.37694253207269807
0.13408274498019987,-0.41825942743397027,-0.5807468537235493,-1.0680536088583603,-0.8919129030947875
4.928798182375321,5.897058600223891,10.701861348272738,-1.581818500165253,6.18037200163333
0.24232879292533535,-0.16102916146028834,15.715379248723616,-2.8265390983350804,0.49585822154800613
6.238486809209323,24.426596236903027,-9.735796941288873,-1.6736140487191815,2.512996426008778
0.30413144734688896,0.22085040011785148,0.15125145501356135,-2.5885732189533512,0.22408214175741328
0.04306717533189397,0.013944247247364844,0.005577337634361997,-1.3141825792005222,0.013039423903360098
