uv,dv,ubar,dbar,gl
2.1798909575330065,0.2662828633773686,-3.7704643121169876e-11,-0.1579902038605318,0.25662632217789094
0.054561546299628894,-0.497678340952925,-3.400127289177133,-1.0680536088583603,-1.0245885361863514
5.177902303917319,6.177260485600309,1.564326098407093e-05,-1.581818500165253,6.764941001862987
0.5718319158314703,0.7971986959734667,172.29542523442447,-2.8265390983350804,0.35277838313025484
5.80689543491237,26.256462912290047,-20339784.227393467,-1.6736140487191815,3.26316744683786
0.2987240227048098,0.21217306717066456,0.2870798061291917,-2.5885732189533512,0.22581058846996147
0.041612099523863286,0.012990554179457122,0.1127552353117418,-1.3141825792005222,0.013242816432706993
