uv,dv,ubar,dbar,gl
3.68349814021782,0.5888228821087416,0.12689312351892995,0,0.6342755857392431
0.20310341092486392,-0.32104029164145803,-0.3879797705980702,0,-0.66734339488739
4.618428502154656,5.560017007743968,10.548247457232808,0,5.008579639699726
-0.25525198063834637,-1.1207571592923171,16.228693691485002,0,0.41554420554329063
6.79387422759248,22.465555782727716,-10.046790021306993,0,0.4018125589641101
0.3189661546992717,0.23103923936730836,0.0959474837951934,0,0.2227404854553879
0.04416950928683339,0.015335204926429157,0.0012537962577774623,0,0.012605332973525405
