uv,dv,ubar,dbar,gl
10.19304899633023,5.564255181349489,0.14,0.14,0.872978687751462
0.76,0.99,-0.33,-0.33,-0.52
4.6,4.7,11.0,24.0,4.5
0.0,0.0,18.0,38.0,0.0
2.6,0.0,0.0,0.0,0.0
0.35,0.0,0.071,0.071,0.217
0.049,0.0,0.0,0.0,0.0112
