uv,dv,ubar,dbar,gl
3.436078586208413,0.5265529848649929,0.11324550483779253,1.9905875394845083e-10,0.5962151247111069
0.18916328761142787,-0.34701488214226983,-0.43910732150770226,-3.0243604264465596,-0.7194223149855542
4.702974045164581,5.649753107054539,10.585677939610493,1.272293172645977e-05,3.8550850348590986
-0.11039527513095754,-0.8820249404585814,15.72037164922119,-1140.1217382365314,-0.5454209467044383
6.639497690023539,22.965726243830122,-9.72017958292357,2566704.27786479,-0.5723718319800367
0.3139286500048231,0.2283088747702802,0.11455109417939204,0.41315054536473367,0.22019996169092748
0.0439686623460646,0.0149176819945536,0.0025300021098975485,0.046083602394799625,0.012479784658197877
