uv,dv,ubar,dbar,gl
3.0863478655027117,0.4456459869476975,0.09319912467193517,1.9905875394845083e-10,0.4925349058669471
0.16246505931070473,-0.3852122019344852,-0.5147941088786715,-3.02436042644656,-0.8081648372906652
4.824891457406493,5.781948903770345,10.644391125400205,1.272293172645977e-05,3.792828997706698
0.08536979978821732,-0.5090640518932681,15.471786237693752,-1140.1217382365314,-0.7745234850371976
6.417847441541345,23.73019330873505,-9.581110895588715,2566704.27786479,-0.4452700952046855
0.30804873725127646,0.2243228357512697,0.13657822098489597,0.4131505453647336,0.22164259585181048
0.04356645874011762,0.014371730607004632,0.004288872785087979,0.0460836023947996,0.012746180113255842
