uv,dv,ubar,dbar,gl
1.9217261406798618,0.21736411643492862,-8.321217632417309e-12,1.990588243361468e-10,0.24661480301055022
0.011121366994835163,-0.5396848880926447,-3.343298049693492,-3.024360469101509,-1.0592448510910615
5.3123425720159005,6.3273751665520575,0.003278499449344,2.528386081458355e-06,2.9753276867586265
0.7048871928052303,1.3904750513302837,-324.05778887992426,-1140.1214090277283,-2.0116282766922398
5.540185361442232,27.323001775099936,-2521725.7112134737,2566705.057179097,1.0266075425601366
0.2982697762018403,0.20728645327632383,0.2296929198468914,0.4131505228475026,0.22486169357812275
0.04096275467400621,0.012487065862772768,-0.0045022569032868,0.0460836053750444,0.013146013584119123
