uv,dv,ubar,dbar,gl
2.3487015333274193,0.29804487404618996,-8.321217632417309e-12,1.9905875394845083e-10,0.3286981056288905
0.07932911983710297,-0.4738020612989465,-3.343298049693492,-3.02436042644656,-0.9649452600652464
5.102610578779594,6.092478995306559,0.0032784994493440973,1.272293172645977e-05,3.55132420760109
0.48152032858409394,0.48856567124093003,-324.05778887992426,-1140.1217382365314,-1.4014272896596498
5.943126673049372,25.68156920302316,-2521725.7112134737,2566704.27786479,0.19197612357500357
0.2997351675463566,0.21484777975141603,0.22969291984689144,0.4131505453647336,0.2236885567196511
0.04204466431886512,0.01327304445998313,-0.004502256903286832,0.0460836023947996,0.013022032719726847
