uv,dv,ubar,dbar,gl
2.7953552187081243,0.3845994829285677,0.07667820395147008,1.9905875394845083e-10,0.4216161252594618
0.13408273646363003,-0.41825999126132163,-0.5807477218381907,-3.02436042644656,-0.872563104889761
4.9287981644723935,5.89705704995251,10.701901910654133,1.272293172645977e-05,3.7278448225578247
0.24232893775592293,-0.16102421403298353,15.715469011733704,-1140.1217382365314,-0.9987430297003755
6.238486958385595,24.426604391756918,-9.735132523417189,2566704.27786479,-0.25064015951420887
0.3041314410469949,0.2208504597195681,0.15125148918408304,0.4131505453647336,0.22257096470838142
0.04306717449448269,0.013944250065228201,0.005577336213403636,0.0460836023947996,0.012883343711872474
