uv,dv,ubar,dbar,gl
2.179890887062368,0.2662830573873379,-8.321217632417309e-12,1.9905882433614676e-10,0.3106906170655269
0.054561542012155136,-0.4976780937064101,-3.343298049693492,-3.024360469101509,-0.9903873913920853
5.177902292633502,6.177260994012806,0.003278499449344,2.528386081458355e-06,2.5746391666673794
0.5718319988179599,0.7971972770792224,-324.05778887992426,-1140.1214090277283,-2.1179708963766744
5.806895481576046,26.256458084416984,-2521725.7112134737,2566705.057179097,1.1785971309988414
0.2987240196058923,0.21217302134813773,0.2296929198468914,0.41315052284750264,0.2228385316486408
0.041612099112528105,0.012990550900937196,-0.0045022569032868,0.04608360537504442,0.01293100000094258
