uv,dv,ubar,dbar,gl
1.7382850413649817,0.18161994884057983,-8.321228013555133e-12,1.990588243361468e-10,0.20047256538951952
-0.024963092045183932,-0.5758795936408262,-3.343298212026373,-3.024360469101509,-1.1158895656305337
5.430601461325453,6.457022779003836,0.0002092886619165,2.528386081458355e-06,3.435832356534408
0.787196453538518,1.959230584927328,-324.062043276224,-1140.1214090277283,-1.8376402293694418
5.280112553068713,28.29951683935542,-2521734.71264682,2566705.057179097,0.7833907780455379
0.2991377078235887,0.2029009379622923,0.2296932130179137,0.4131505228475026,0.2264975798844525
0.0405565629691281,0.012039857420816931,-0.0045022957106007,0.0460836053750444,0.01331727634462636
