uv,dv,ubar,dbar,gl
2.039378910685758,0.23978362801238465,-8.321217632417309e-12,1.990588243361468e-10,0.2757027761246596
0.031846473320269846,-0.5195257086950883,-3.343298049693492,-3.024360469101509,-1.0268335964348345
5.247493505687073,6.255249161071664,0.003278499449344,2.528386081458355e-06,2.769956110695389
0.6455826773356832,1.0973288732515505,-324.05778887992426,-1140.1214090277283,-2.0714474227069637
5.672875828981028,26.802204518020915,-2521725.7112134737,2566705.057179097,1.1121682833971414
0.29828108102502476,0.20965965095657185,0.2296929198468914,0.4131505228475026,0.22393777029374204
0.04125264889159095,0.012730268699510201,-0.0045022569032868,0.0460836053750444,0.01304855037623696
