uv,dv,ubar,dbar,gl
2.551784999059011,0.33669756676199136,0.0633345784584257,1.9905875394845083e-10,0.3692825827626261
0.10600605200383985,-0.44749468947865767,-0.6391652581314273,-3.02436042644656,-0.9231705032452643
5.020224987380954,5.999627316198375,10.758437906509736,1.272293172645977e-05,3.651881407253541
0.37258966640820507,0.1699530041370924,16.26174054600021,-1140.1217382365314,-1.2047598854103998
6.084641962917037,25.07323879893975,-10.065795880915024,2566704.27786479,-0.03649836475678438
0.30147235759335794,0.21771823907985266,0.16148311368303178,0.4131505453647336,0.22322285944202158
0.04254070096074105,0.013586012415708906,0.006519155197363611,0.0460836023947996,0.012967411830774463
