uv,dv,ubar,dbar,gl
1.8227016424083478,0.19818239678605712,-8.321228013555133e-12,1.990588243361468e-10,0.22188885524829435
-0.007744717401275019,-0.5584086485255011,-3.343298212026373,-3.024360469101509,-1.0886523999557676
5.373218627801662,6.394406386825822,0.00020928866191657208,2.528386081458355e-06,3.197234114719609
0.7512994982341333,1.67756972238182,-324.06204327622396,-1140.1214090277283,-1.934159272345135
5.408947776173873,27.82139555863092,-2521734.71264682,2566705.057179097,0.9168555777335138
0.29859125041911844,0.2050388356352542,0.22969321301791373,0.4131505228475026,0.22568814298176118
0.04073505796396717,0.012257773200866438,-0.004502295710600764,0.0460836053750444,0.013232478277312417
