uv,dv,ubar,dbar,gl
3.0405718278524563,0.43569185136456706,0.09057486996631806,1.9905875394845083e-10,0.48112243194167725
0.15836978393320447,-0.3903250740064691,-0.5249676940756182,-3.02436042644656,-0.8187498563135571
4.841062775204371,5.799731354023412,10.652957433850275,1.272293172645977e-05,3.7836340799431225
0.11031656088434696,-0.4568968302608602,15.481601190555933,-1140.1217382365314,-0.8084935736379943
6.389300812821573,23.835572507074264,-9.587538865157677,2566704.27786479,-0.4190831208925471
0.3073760000168248,0.2237895830199663,0.1390951032016096,0.4131505453647336,0.22179754205051788
0.04349816976070071,0.014303481077420296,0.004504038506587074,0.0460836023947996,0.012770882114551498
