uv,dv,ubar,dbar,gl
3.014113729885666,0.4299647552868207,0.08905110063435216,1.9905875394845083e-10,0.4740166239852966
0.15596329432314548,-0.3933243395768873,-0.5309113674361811,-3.02436042644656,-0.8251027040632397
4.850544941316402,5.810142806370891,10.65811909003992,1.272293172645977e-05,3.778394454753088
0.12483219436698269,-0.4260899871149013,15.49231302513361,-1140.1217382365314,-0.828181119078682
6.372600227741125,23.897272467171927,-9.595796987434552,2566704.27786479,-0.40332768724635604
0.30697871505008245,0.2234956522858439,0.1405554872776109,0.4131505453647336,0.22189217047118667
0.04345306375406669,0.014265504653666678,0.004630585503851396,0.0460836023947996,0.01278546541473728
