uv,dv,ubar,dbar,gl
3.217572249869202,0.47495341331540797,0.10075762137101937,1.9905875394845083e-10,0.5276693086207713
0.1734362829460838,-0.37072211332273713,-0.48596485817892526,-3.02436042644656,-0.7766033521496811
4.778884566347773,5.731659441965584,10.62122957737211,1.272293172645977e-05,3.816693947900031
0.013085145574168944,-0.6540036463567628,15.496553136977168,-1140.1217382365314,-0.6825149194215373
6.500238069423535,23.4355775335963,-9.591145668974361,2566704.27786479,-0.5082975790095885
0.31009841008281525,0.22583432911420756,0.1289017885551908,0.4131505453647336,0.2211469226691137
0.04374160465771214,0.014570932714403614,0.0036495018358690704,0.0460836023947996,0.012663158877843883
