uv,dv,ubar,dbar,gl
3.556103297881118,0.5563256429553446,0.11996059466844208,1.9905864152064642e-10,0.641081329395256
0.1964488940097028,-0.3342795543593207,-0.41400521132054213,-3.024360516962727,-0.685114683319249
4.661709579357813,5.605746133463144,10.567447044033257,0.000404621769040245,3.876379497311241
-0.18000744617688358,-1.0005425640648464,15.935490096741216,-1140.1191935960148,-0.4823802098719397
6.715765164202019,22.71840057847283,-9.852965668578445,2566703.5643475293,-0.5810803449263596
0.31626353364612547,0.22966183809169827,0.10585591240727972,0.41315035838610253,0.2195984171217423
0.04406563990002483,0.015118507217136243,0.001907545051564044,0.046083627172110106,0.012343068781535424
