uv,dv,ubar,dbar,gl
2.620576800193463,0.35000317818221977,0.0670507667318744,1.9905875394845083e-10,0.38358094540250676
0.11434611322873894,-0.4390354333551357,-0.6222618738451956,-3.02436042644656,-0.9090072830657485
4.993764790406587,5.969848094341112,10.741572645350184,1.272293172645977e-05,3.676481110146599
0.33575233652807873,0.07179091143551491,16.072516305115027,-1140.1217382365314,-1.14435076014797
6.1292333253536855,24.883055820506847,-9.951248931432303,2566704.27786479,-0.10221541362333313
0.30216562628138954,0.21863057688553364,0.1587507150198788,0.4131505453647336,0.22304911636049443
0.04269813012557734,0.013688232338938419,0.006264614483923696,0.0460836023947996,0.01294587966057803
