uv,dv,ubar,dbar,gl
3.1363485694551274,0.45666417801983733,0.09607384142119664,1.9905875394845083e-10,0.5054620134289363
0.16677943634732129,-0.37966824977350605,-0.5037601390849502,-3.02436042644656,-0.7963795365336734
4.80734042284253,5.762720199807581,10.635444410975433,1.272293172645977e-05,3.801956832084061
0.057983017668552884,-0.5650116913557112,15.471588223855946,-1140.1217382365314,-0.7388478708531829
6.4489492911404085,23.616757522163066,-9.578546331835707,2566704.27786479,-0.47120714676347963
0.3088091634192691,0.22490042343538305,0.13373647686934978,0.4131505453647336,0.22146317815821637
0.04363725824216197,0.014446874457877157,0.004049119253047922,0.0460836023947996,0.012716852736241162
