uv,dv,ubar,dbar,gl
2.5867103345175826,0.3434406563536672,0.06522324973695423,1.9905875394845083e-10,0.37650668134740906
0.11028333972522704,-0.44317124608086206,-0.6305156611842135,-3.02436042644656,-0.9159799242347418
5.006715751030571,5.984429886547093,10.749952693347803,1.272293172645977e-05,3.664701879048737
0.3538875990968343,0.11955258365697496,16.160738056429725,-1140.1217382365314,-1.1738813162740533
6.107442946716422,24.97578070077813,-10.002544497980853,2566704.27786479,-0.07037688571318138
0.3018178729029779,0.2181838377926227,0.1601082293718411,0.4131505453647336,0.22313369494844756
0.04262144150831969,0.013638013084830461,0.006390895121102806,0.0460836023947996,0.012956458133456143
